DeviceTag,PIN
ZMXSUFZ,370669
EOBOR0K,564973
9YSF4EA,124362
WQME2R0,266437
12CM3YH,595347
32GVCSA,502460
DCVLMQW,676314
AGJPYB6,640451
JLKVGJI,223176
TEDIFRF,453900
Y0H9BQM,848934
BBRA7X7,468249
8WHB6DC,287345
ETXDIN5,250653
8XXO0NM,280659
US9METO,702524
QIT5K3B,271311
CI1RWOZ,222191
OJ5XMYJ,577209
4NK02TB,656842
XB0TWQC,914628
SJGKU9T,280225
LXV8SDL,381521
L4JE1C2,959994
30857P5,937120
JHQ4KB7,
490OU9M,
AN44I4L,
P9CG4UP,
FFVX86K,
RDDBJY4,
KZOCKDA,
O1A8HK2,
OA3MYAC,
6TTUJXA,
WGLRZUU,
ROI9AAS,
J0OMYTZ,
PTDMKG5,
VY9P5TQ,
A6SIOTB,
QS20P3K,
DALOIVF,
IGSY03S,
WS5MG4F,
ZMB8TIJ,
UKWT95J,
5GDYSWJ,
BJQKBQ6,
HNHXEPV,
